First Name,Last Name,Email Address,Company,Position,Connected On
Sarah,Chen,sarah.chen@techcorp.com,TechCorp,Software Engineer,2024-03-15
Michael,Rodriguez,michael.rodriguez@innovate.io,Innovate Solutions,Product Manager,2024-01-22
Emily,Johnson,emily.johnson@designstudio.com,Design Studio,UX Designer,2023-11-08
David,Kim,david.kim@financegroup.com,Finance Group,Financial Analyst,2024-02-14
Jessica,Martinez,jessica.martinez@marketingpro.com,Marketing Pro,Marketing Director,2023-09-30
Robert,Anderson,robert.anderson@consultingfirm.com,Consulting Firm,Senior Consultant,2024-01-05
Amanda,White,amanda.white@startupco.com,StartupCo,Founder,2023-12-18
James,Taylor,james.taylor@bigtech.com,BigTech,Engineering Manager,2024-02-28
Lisa,Brown,lisa.brown@healthcare.org,Healthcare Systems,Medical Director,2023-10-12
Christopher,Lee,christopher.lee@lawfirm.com,Law Firm,Attorney,2024-03-01
Nicole,Garcia,nicole.garcia@edtech.com,EdTech Solutions,Education Specialist,2023-08-25
Daniel,Wilson,daniel.wilson@retailcorp.com,Retail Corp,Operations Manager,2024-01-10
Michelle,Moore,michelle.moore@realestate.com,Real Estate Group,Real Estate Agent,2023-11-20
Andrew,Jackson,andrew.jackson@manufacturing.com,Manufacturing Inc,Production Manager,2024-02-05
Rachel,Harris,rachel.harris@nonprofit.org,Nonprofit Foundation,Program Director,2023-07-15
Kevin,Clark,kevin.clark@automotive.com,Automotive Solutions,Sales Manager,2024-03-10
Lauren,Lewis,lauren.lewis@fashionbrand.com,Fashion Brand,Creative Director,2023-09-05
Ryan,Robinson,ryan.robinson@energycorp.com,Energy Corp,Energy Analyst,2024-01-18
Stephanie,Walker,stephanie.walker@hospitality.com,Hospitality Group,Hotel Manager,2023-12-01
Brandon,Young,brandon.young@construction.com,Construction Co,Project Manager,2024-02-20
Ashley,Hall,ashley.hall@pharmaceutical.com,Pharmaceutical Inc,Research Scientist,2023-10-28
Justin,Allen,justin.allen@telecom.com,Telecom Solutions,Network Engineer,2024-03-05
Brittany,King,brittany.king@mediaagency.com,Media Agency,Account Executive,2023-08-10
Tyler,Wright,tyler.wright@logistics.com,Logistics Solutions,Supply Chain Manager,2024-01-25
Megan,Scott,megan.scott@insurance.com,Insurance Group,Underwriter,2023-11-12
Jordan,Green,jordan.green@agriculture.com,Agriculture Co,Agricultural Specialist,2024-02-12
Kayla,Adams,kayla.adams@aerospace.com,Aerospace Industries,Aerospace Engineer,2023-09-18
Nathan,Baker,nathan.baker@biotech.com,Biotech Research,Biotech Researcher,2024-03-08
Samantha,Nelson,samantha.nelson@entertainment.com,Entertainment Corp,Producer,2023-10-05
Cameron,Hill,cameron.hill@sports.com,Sports Management,Sports Agent,2024-01-30
Olivia,Ramirez,olivia.ramirez@foodservice.com,Food Service Group,Restaurant Manager,2023-12-08
Ethan,Campbell,ethan.campbell@transportation.com,Transportation Co,Transportation Planner,2024-02-15
Hannah,Mitchell,hannah.mitchell@banking.com,Banking Group,Loan Officer,2023-08-20
Austin,Roberts,austin.roberts@security.com,Security Solutions,Security Analyst,2024-03-12
Madison,Carter,madison.carter@travel.com,Travel Agency,Travel Agent,2023-11-25
Noah,Phillips,noah.phillips@investment.com,Investment Firm,Investment Advisor,2024-01-08
Chloe,Evans,chloe.evans@publishing.com,Publishing House,Editor,2023-09-12
Logan,Turner,logan.turner@mining.com,Mining Corp,Mining Engineer,2024-02-25
Sophia,Parker,sophia.parker@retailtech.com,RetailTech,Retail Analyst,2023-10-15
Mason,Collins,mason.collins@cybersecurity.com,Cybersecurity Inc,Security Engineer,2024-03-18
Isabella,Edwards,isabella.edwards@fitness.com,Fitness Industry,Personal Trainer,2023-08-05
Lucas,Stewart,lucas.stewart@automation.com,Automation Solutions,Automation Engineer,2024-01-15
Ava,Sanchez,ava.sanchez@education.com,Education Services,Curriculum Developer,2023-12-22
Alexander,Morris,alexander.morris@venture.com,Venture Capital,VC Associate,2024-02-08
Mia,Rogers,mia.rogers@advertising.com,Advertising Agency,Creative Director,2023-09-28
Benjamin,Reed,benjamin.reed@utilities.com,Utilities Co,Utility Manager,2024-03-20
Charlotte,Cook,charlotte.cook@hospital.com,Hospital Network,Nurse Manager,2023-10-22
Henry,Morgan,henry.morgan@software.com,Software Solutions,Software Architect,2024-01-12
Amelia,Bell,amelia.bell@research.com,Research Institute,Research Analyst,2023-11-05
Jack,Murphy,jack.murphy@trading.com,Trading Firm,Trader,2024-02-18
Harper,Bailey,harper.bailey@consulting.com,Management Consulting,Strategy Consultant,2023-08-15
Owen,Rivera,owen.rivera@engineering.com,Engineering Services,Civil Engineer,2024-03-22
Evelyn,Cooper,evelyn.cooper@accounting.com,Accounting Firm,CPA,2023-09-08
Wyatt,Richardson,wyatt.richardson@legal.com,Legal Services,Paralegal,2024-01-20
Abigail,Cox,abigail.cox@healthcare.com,Healthcare Provider,Physician Assistant,2023-12-12
Grayson,Howard,grayson.howard@techstartup.com,Tech Startup,CTO,2024-02-10
Elizabeth,Ward,elizabeth.ward@nonprofit.com,Nonprofit Organization,Fundraising Manager,2023-10-08
Lily,Torres,lily.torres@fashion.com,Fashion Retail,Store Manager,2024-03-15
Aiden,Peterson,aiden.peterson@construction.com,Construction Services,Construction Manager,2023-11-18
Victoria,Gray,victoria.gray@marketing.com,Marketing Agency,Marketing Specialist,2024-01-28
Sebastian,Ramirez,sebastian.ramirez@finance.com,Finance Services,Financial Planner,2023-09-22
Grace,James,grace.james@design.com,Design Agency,Graphic Designer,2024-02-22
Carter,Watson,carter.watson@tech.com,Tech Company,DevOps Engineer,2023-08-28
Scarlett,Brooks,scarlett.brooks@media.com,Media Company,Content Creator,2024-03-25
Julian,Kelly,julian.kelly@sales.com,Sales Organization,Sales Representative,2023-10-18
Aria,Sanders,aria.sanders@hr.com,HR Solutions,HR Manager,2024-01-05
Landon,Price,landon.price@operations.com,Operations Management,Operations Analyst,2023-12-28
Zoe,Bennett,zoe.bennett@quality.com,Quality Assurance,QA Engineer,2024-02-14
Adrian,Wood,adrian.wood@supply.com,Supply Chain,Supply Chain Analyst,2023-09-15
Nora,Barnes,nora.barnes@customer.com,Customer Service,Customer Success Manager,2024-03-28
Hannah,Ross,hannah.ross@business.com,Business Development,Business Developer,2023-11-08
Lucas,Henderson,lucas.henderson@it.com,IT Services,IT Manager,2024-01-22
Layla,Coleman,layla.coleman@training.com,Training Services,Training Specialist,2023-10-12
Mason,Jenkins,mason.jenkins@support.com,Technical Support,Support Engineer,2024-02-28
Riley,Perry,riley.perry@analytics.com,Analytics Firm,Data Scientist,2023-08-22
Aubrey,Powell,aubrey.powell@strategy.com,Strategy Consulting,Strategy Analyst,2024-03-08
Zoey,Long,zoey.long@development.com,Development Services,Development Manager,2023-12-05
Levi,Patterson,levi.patterson@innovation.com,Innovation Lab,Innovation Manager,2024-01-18
Natalie,Hughes,natalie.hughes@communications.com,Communications,Communications Manager,2023-09-28
Eli,Flores,eli.flores@planning.com,Planning Services,Urban Planner,2024-02-25
Addison,Washington,addison.washington@administration.com,Administration,Administrator,2023-11-15
Aria,Butler,aria.butler@coordination.com,Coordination Services,Project Coordinator,2024-03-12
Luna,Simmons,luna.simmons@facilities.com,Facilities Management,Facilities Manager,2023-10-25
Paisley,Foster,paisley.foster@procurement.com,Procurement Services,Procurement Manager,2024-01-30
Willow,Gonzales,willow.gonzales@logistics.com,Logistics Management,Logistics Coordinator,2023-12-18
Quinn,Bryant,quinn.bryant@warehouse.com,Warehouse Operations,Warehouse Manager,2024-02-08
Everly,Alexander,everly.alexander@distribution.com,Distribution Services,Distribution Manager,2023-09-10
Penelope,Russell,penelope.russell@inventory.com,Inventory Management,Inventory Analyst,2024-03-22
Aurora,Griffin,aurora.griffin@shipping.com,Shipping Services,Shipping Coordinator,2023-11-22
Nova,Diaz,nova.diaz@receiving.com,Receiving Operations,Receiving Manager,2024-01-12
Stella,Hayes,stella.hayes@fulfillment.com,Fulfillment Services,Fulfillment Manager,2023-10-08
Ellie,Myers,ellie.myers@delivery.com,Delivery Services,Delivery Manager,2024-02-20
Maya,Ford,maya.ford@transport.com,Transport Services,Transport Coordinator,2023-12-28
Aaliyah,Hamilton,aaliyah.hamilton@freight.com,Freight Services,Freight Manager,2024-03-05
Riley,Graham,riley.graham@cargo.com,Cargo Services,Cargo Manager,2023-09-18

